{
"lengthUnit": "mil",
"remark": [],
"components": {
	"fields": ["COMPONENT_NO", "COMPONENT_NAME", "LAYER", "X_COORDINATE", "Y_COORDINATE", "ANGLE"],
	"rows": [
		[1, "DC1", "T", 710, -425, 90],
		[2, "H1", "T", 2435.336, -378.745, 0],
		[3, "R1", "T", 2410, -3650, 90],
		[4, "SW1", "T", 320, -2450, 90],
		[5, "SW2", "T", 315, -1665, 90],
		[6, "U1", "T", 1860, -2060, 0],
		[7, "U2", "T", 3150, -3180, 90],
		[8, "U3", "T", 3150, -2415, 90],
		[9, "U4", "T", 3150, -1660, 90],
		[10, "U5", "T", 3150, -715, 90],
		[11, "U7", "T", 865, -3535, 0],
		[12, "U8", "T", 1665, -3535, 0],
		[13, "PAD1", "T", 722.515, -552.04, 0],
		[14, "PAD1", "B", 722.515, -552.04, 0],
		[15, "PAD2", "T", 722.525, -307.96, 0],
		[16, "PAD2", "B", 722.525, -307.96, 0],
		[17, "PAD3", "T", 2335.336, -378.745, 0],
		[18, "PAD3", "B", 2335.336, -378.745, 0],
		[19, "PAD4", "T", 2435.336, -378.745, 0],
		[20, "PAD4", "B", 2435.336, -378.745, 0],
		[21, "PAD5", "T", 2535.336, -378.745, 0],
		[22, "PAD5", "B", 2535.336, -378.745, 0],
		[23, "PAD6", "T", 2508.425, -3748.425, 0],
		[24, "PAD6", "B", 2508.425, -3748.425, 0],
		[25, "PAD7", "T", 2311.575, -3650, 0],
		[26, "PAD7", "B", 2311.575, -3650, 0],
		[27, "PAD8", "T", 220, -2696.1, 0],
		[28, "PAD8", "B", 220, -2696.1, 0],
		[29, "PAD9", "T", 420, -2203.9, 0],
		[30, "PAD9", "B", 420, -2203.9, 0],
		[31, "PAD10", "T", 215, -1418.9, 0],
		[32, "PAD10", "B", 215, -1418.9, 0],
		[33, "PAD11", "T", 415, -1911.1, 0],
		[34, "PAD11", "B", 415, -1911.1, 0],
		[35, "PAD12", "T", 415, -1418.9, 0],
		[36, "PAD12", "B", 415, -1418.9, 0],
		[37, "PAD13", "T", 2460, -2360, 0],
		[38, "PAD13", "B", 2460, -2360, 0],
		[39, "PAD14", "T", 2260, -2360, 0],
		[40, "PAD14", "B", 2260, -2360, 0],
		[41, "PAD15", "T", 1660, -2360, 0],
		[42, "PAD15", "B", 1660, -2360, 0],
		[43, "PAD16", "T", 1460, -2360, 0],
		[44, "PAD16", "B", 1460, -2360, 0],
		[45, "PAD17", "T", 1160, -1760, 0],
		[46, "PAD17", "B", 1160, -1760, 0],
		[47, "PAD18", "T", 1560, -1760, 0],
		[48, "PAD18", "B", 1560, -1760, 0],
		[49, "PAD19", "T", 1760, -1760, 0],
		[50, "PAD19", "B", 1760, -1760, 0],
		[51, "PAD20", "T", 1960, -1760, 0],
		[52, "PAD20", "B", 1960, -1760, 0],
		[53, "PAD21", "T", 2160, -1760, 0],
		[54, "PAD21", "B", 2160, -1760, 0],
		[55, "PAD22", "T", 2260, -1760, 0],
		[56, "PAD22", "B", 2260, -1760, 0],
		[57, "PAD23", "T", 2060, -1760, 0],
		[58, "PAD23", "B", 2060, -1760, 0],
		[59, "PAD24", "T", 1860, -1760, 0],
		[60, "PAD24", "B", 1860, -1760, 0],
		[61, "PAD25", "T", 1660, -1760, 0],
		[62, "PAD25", "B", 1660, -1760, 0],
		[63, "PAD26", "T", 1460, -1760, 0],
		[64, "PAD26", "B", 1460, -1760, 0],
		[65, "PAD27", "T", 1260, -1760, 0],
		[66, "PAD27", "B", 1260, -1760, 0],
		[67, "PAD28", "T", 1560, -2360, 0],
		[68, "PAD28", "B", 1560, -2360, 0],
		[69, "PAD29", "T", 1760, -2360, 0],
		[70, "PAD29", "B", 1760, -2360, 0],
		[71, "PAD30", "T", 3150, -3081.575, 0],
		[72, "PAD30", "B", 3150, -3081.575, 0],
		[73, "PAD31", "T", 3150, -3180, 0],
		[74, "PAD31", "B", 3150, -3180, 0],
		[75, "PAD32", "T", 3150, -3278.425, 0],
		[76, "PAD32", "B", 3150, -3278.425, 0],
		[77, "PAD33", "T", 3150, -2316.575, 0],
		[78, "PAD33", "B", 3150, -2316.575, 0],
		[79, "PAD34", "T", 3150, -2415, 0],
		[80, "PAD34", "B", 3150, -2415, 0],
		[81, "PAD35", "T", 3150, -2513.425, 0],
		[82, "PAD35", "B", 3150, -2513.425, 0],
		[83, "PAD36", "T", 3150, -1561.575, 0],
		[84, "PAD36", "B", 3150, -1561.575, 0],
		[85, "PAD37", "T", 3150, -1660, 0],
		[86, "PAD37", "B", 3150, -1660, 0],
		[87, "PAD38", "T", 3150, -1758.425, 0],
		[88, "PAD38", "B", 3150, -1758.425, 0],
		[89, "PAD39", "T", 3150, -616.575, 0],
		[90, "PAD39", "B", 3150, -616.575, 0],
		[91, "PAD40", "T", 3150, -715, 0],
		[92, "PAD40", "B", 3150, -715, 0],
		[93, "PAD41", "T", 3150, -813.425, 0],
		[94, "PAD41", "B", 3150, -813.425, 0],
		[95, "PAD42", "T", 1215, -3535, 0],
		[96, "PAD42", "B", 1215, -3535, 0],
		[97, "PAD43", "T", 1115, -3535, 0],
		[98, "PAD43", "B", 1115, -3535, 0],
		[99, "PAD44", "T", 1015, -3535, 0],
		[100, "PAD44", "B", 1015, -3535, 0],
		[101, "PAD45", "T", 915, -3535, 0],
		[102, "PAD45", "B", 915, -3535, 0],
		[103, "PAD46", "T", 815, -3535, 0],
		[104, "PAD46", "B", 815, -3535, 0],
		[105, "PAD47", "T", 715, -3535, 0],
		[106, "PAD47", "B", 715, -3535, 0],
		[107, "PAD48", "T", 615, -3535, 0],
		[108, "PAD48", "B", 615, -3535, 0],
		[109, "PAD49", "T", 515, -3535, 0],
		[110, "PAD49", "B", 515, -3535, 0],
		[111, "PAD50", "T", 2015, -3535, 0],
		[112, "PAD50", "B", 2015, -3535, 0],
		[113, "PAD51", "T", 1915, -3535, 0],
		[114, "PAD51", "B", 1915, -3535, 0],
		[115, "PAD52", "T", 1815, -3535, 0],
		[116, "PAD52", "B", 1815, -3535, 0],
		[117, "PAD53", "T", 1715, -3535, 0],
		[118, "PAD53", "B", 1715, -3535, 0],
		[119, "PAD54", "T", 1615, -3535, 0],
		[120, "PAD54", "B", 1615, -3535, 0],
		[121, "PAD55", "T", 1515, -3535, 0],
		[122, "PAD55", "B", 1515, -3535, 0],
		[123, "PAD56", "T", 1415, -3535, 0],
		[124, "PAD56", "B", 1415, -3535, 0],
		[125, "PAD57", "T", 1315, -3535, 0],
		[126, "PAD57", "B", 1315, -3535, 0]
	]
},
"pins": {
	"fields": ["PIN_NO", "PIN_NAME", "PIN_X", "PIN_Y", "LAYER", "PIN_TYPE", "NET_NAME", "NET_TYPE", "PAD_SHAPE", "PAD_SIZEX", "PAD_SIZEY", "HOLE_SIZE", "HOLE_LEN", "PAD_ANGLE"],
	"rows": [
		[1, "DC1_1", 722.515, -552.04, "T", "DIP", "+5V", "", "O", 78.74, 181.102, 47.244, 145.67, 270],
		[2, "DC1_1", 722.515, -552.04, "B", "DIP", "+5V", "", "O", 78.74, 181.102, 47.244, 145.67, 270],
		[3, "DC1_2", 722.525, -307.96, "T", "DIP", "GND", "GND", "O", 78.74, 181.102, 47.244, 145.67, 90],
		[4, "DC1_2", 722.525, -307.96, "B", "DIP", "GND", "GND", "O", 78.74, 181.102, 47.244, 145.67, 90],
		[5, "DC1_3", 537.475, -433.94, "T", "DIP", "NET_1", "", "O", 181.102, 78.74, 47.244, 145.67, 270],
		[6, "DC1_3", 537.475, -433.94, "B", "DIP", "NET_1", "", "O", 181.102, 78.74, 47.244, 145.67, 270],
		[7, "H1_1", 2335.336, -378.745, "T", "DIP", "LED", "", "R", 66.929, 66.929, 43.308, 43.308, 0],
		[8, "H1_1", 2335.336, -378.745, "B", "DIP", "LED", "", "R", 66.929, 66.929, 43.308, 43.308, 0],
		[9, "H1_2", 2435.336, -378.745, "T", "DIP", "+5V", "", "C", 66.929, 66.929, 43.308, 43.308, 0],
		[10, "H1_2", 2435.336, -378.745, "B", "DIP", "+5V", "", "C", 66.929, 66.929, 43.308, 43.308, 0],
		[11, "H1_3", 2535.336, -378.745, "T", "DIP", "GND", "GND", "C", 66.929, 66.929, 43.308, 43.308, 0],
		[12, "H1_3", 2535.336, -378.745, "B", "DIP", "GND", "GND", "C", 66.929, 66.929, 43.308, 43.308, 0],
		[13, "R1_1", 2508.425, -3748.425, "T", "DIP", "GND", "GND", "R", 86.614, 82.677, 39.37, 39.37, 90],
		[14, "R1_1", 2508.425, -3748.425, "B", "DIP", "GND", "GND", "R", 86.614, 82.677, 39.37, 39.37, 90],
		[15, "R1_2", 2311.575, -3650, "T", "DIP", "VO", "", "C", 86.614, 86.614, 39.37, 39.37, 90],
		[16, "R1_2", 2311.575, -3650, "B", "DIP", "VO", "", "C", 86.614, 86.614, 39.37, 39.37, 90],
		[17, "R1_3", 2508.425, -3551.575, "T", "DIP", "NET_2", "", "C", 86.614, 86.614, 39.37, 39.37, 90],
		[18, "R1_3", 2508.425, -3551.575, "B", "DIP", "NET_2", "", "C", 86.614, 86.614, 39.37, 39.37, 90],
		[19, "SW1_1", 220, -2696.1, "T", "DIP", "NET_3", "", "C", 86.614, 86.614, 59.056, 59.056, 90],
		[20, "SW1_1", 220, -2696.1, "B", "DIP", "NET_3", "", "C", 86.614, 86.614, 59.056, 59.056, 90],
		[21, "SW1_2", 220, -2203.9, "T", "DIP", "NET_4", "", "C", 86.614, 86.614, 59.056, 59.056, 90],
		[22, "SW1_2", 220, -2203.9, "B", "DIP", "NET_4", "", "C", 86.614, 86.614, 59.056, 59.056, 90],
		[23, "SW1_3", 420, -2696.1, "T", "DIP", "NET_5", "", "C", 86.614, 86.614, 59.056, 59.056, 90],
		[24, "SW1_3", 420, -2696.1, "B", "DIP", "NET_5", "", "C", 86.614, 86.614, 59.056, 59.056, 90],
		[25, "SW1_4", 420, -2203.9, "T", "DIP", "$1N1724", "", "C", 86.614, 86.614, 59.056, 59.056, 90],
		[26, "SW1_4", 420, -2203.9, "B", "DIP", "$1N1724", "", "C", 86.614, 86.614, 59.056, 59.056, 90],
		[27, "SW2_1", 215, -1911.1, "T", "DIP", "NET_6", "", "C", 86.614, 86.614, 59.056, 59.056, 90],
		[28, "SW2_1", 215, -1911.1, "B", "DIP", "NET_6", "", "C", 86.614, 86.614, 59.056, 59.056, 90],
		[29, "SW2_2", 215, -1418.9, "T", "DIP", "START_PIN", "", "C", 86.614, 86.614, 59.056, 59.056, 90],
		[30, "SW2_2", 215, -1418.9, "B", "DIP", "START_PIN", "", "C", 86.614, 86.614, 59.056, 59.056, 90],
		[31, "SW2_3", 415, -1911.1, "T", "DIP", "$1N1724", "", "C", 86.614, 86.614, 59.056, 59.056, 90],
		[32, "SW2_3", 415, -1911.1, "B", "DIP", "$1N1724", "", "C", 86.614, 86.614, 59.056, 59.056, 90],
		[33, "SW2_4", 415, -1418.9, "T", "DIP", "GND", "GND", "C", 86.614, 86.614, 59.056, 59.056, 90],
		[34, "SW2_4", 415, -1418.9, "B", "DIP", "GND", "GND", "C", 86.614, 86.614, 59.056, 59.056, 90],
		[35, "U1_1", 2560, -1760, "T", "DIP", "NET_7", "", "R", 62.992, 62.992, 35.434, 35.434, 0],
		[36, "U1_1", 2560, -1760, "B", "DIP", "NET_7", "", "R", 62.992, 62.992, 35.434, 35.434, 0],
		[37, "U1_2", 2460, -1760, "T", "DIP", "NET_8", "", "C", 62.992, 62.992, 35.434, 35.434, 0],
		[38, "U1_2", 2460, -1760, "B", "DIP", "NET_8", "", "C", 62.992, 62.992, 35.434, 35.434, 0],
		[39, "U1_3", 2360, -1760, "T", "DIP", "NET_9", "", "C", 62.992, 62.992, 35.434, 35.434, 0],
		[40, "U1_3", 2360, -1760, "B", "DIP", "NET_9", "", "C", 62.992, 62.992, 35.434, 35.434, 0],
		[41, "U1_4", 2260, -1760, "T", "DIP", "GND", "GND", "C", 62.992, 62.992, 35.434, 35.434, 0],
		[42, "U1_4", 2260, -1760, "B", "DIP", "GND", "GND", "C", 62.992, 62.992, 35.434, 35.434, 0],
		[43, "U1_5", 2160, -1760, "T", "DIP", "D7", "", "C", 62.992, 62.992, 35.434, 35.434, 0],
		[44, "U1_5", 2160, -1760, "B", "DIP", "D7", "", "C", 62.992, 62.992, 35.434, 35.434, 0],
		[45, "U1_6", 2060, -1760, "T", "DIP", "D6", "", "C", 62.992, 62.992, 35.434, 35.434, 0],
		[46, "U1_6", 2060, -1760, "B", "DIP", "D6", "", "C", 62.992, 62.992, 35.434, 35.434, 0],
		[47, "U1_7", 1960, -1760, "T", "DIP", "D5", "", "C", 62.992, 62.992, 35.434, 35.434, 0],
		[48, "U1_7", 1960, -1760, "B", "DIP", "D5", "", "C", 62.992, 62.992, 35.434, 35.434, 0],
		[49, "U1_8", 1860, -1760, "T", "DIP", "D4", "", "C", 62.992, 62.992, 35.434, 35.434, 0],
		[50, "U1_8", 1860, -1760, "B", "DIP", "D4", "", "C", 62.992, 62.992, 35.434, 35.434, 0],
		[51, "U1_9", 1760, -1760, "T", "DIP", "LED", "", "C", 62.992, 62.992, 35.434, 35.434, 0],
		[52, "U1_9", 1760, -1760, "B", "DIP", "LED", "", "C", 62.992, 62.992, 35.434, 35.434, 0],
		[53, "U1_10", 1660, -1760, "T", "DIP", "NET_3", "", "C", 62.992, 62.992, 35.434, 35.434, 0],
		[54, "U1_10", 1660, -1760, "B", "DIP", "NET_3", "", "C", 62.992, 62.992, 35.434, 35.434, 0],
		[55, "U1_11", 1560, -1760, "T", "DIP", "START_PIN", "", "C", 62.992, 62.992, 35.434, 35.434, 0],
		[56, "U1_11", 1560, -1760, "B", "DIP", "START_PIN", "", "C", 62.992, 62.992, 35.434, 35.434, 0],
		[57, "U1_12", 1460, -1760, "T", "DIP", "A", "", "C", 62.992, 62.992, 35.434, 35.434, 0],
		[58, "U1_12", 1460, -1760, "B", "DIP", "A", "", "C", 62.992, 62.992, 35.434, 35.434, 0],
		[59, "U1_13", 1360, -1760, "T", "DIP", "NET_10", "", "C", 62.992, 62.992, 35.434, 35.434, 0],
		[60, "U1_13", 1360, -1760, "B", "DIP", "NET_10", "", "C", 62.992, 62.992, 35.434, 35.434, 0],
		[61, "U1_14", 1260, -1760, "T", "DIP", "EN", "", "C", 62.992, 62.992, 35.434, 35.434, 0],
		[62, "U1_14", 1260, -1760, "B", "DIP", "EN", "", "C", 62.992, 62.992, 35.434, 35.434, 0],
		[63, "U1_15", 1160, -1760, "T", "DIP", "RS", "", "C", 62.992, 62.992, 35.434, 35.434, 0],
		[64, "U1_15", 1160, -1760, "B", "DIP", "RS", "", "C", 62.992, 62.992, 35.434, 35.434, 0],
		[65, "U1_16", 1160, -2360, "T", "DIP", "NET_11", "", "C", 62.992, 62.992, 35.434, 35.434, 0],
		[66, "U1_16", 1160, -2360, "B", "DIP", "NET_11", "", "C", 62.992, 62.992, 35.434, 35.434, 0],
		[67, "U1_17", 1260, -2360, "T", "DIP", "NET_12", "", "C", 62.992, 62.992, 35.434, 35.434, 0],
		[68, "U1_17", 1260, -2360, "B", "DIP", "NET_12", "", "C", 62.992, 62.992, 35.434, 35.434, 0],
		[69, "U1_18", 1360, -2360, "T", "DIP", "NET_13", "", "C", 62.992, 62.992, 35.434, 35.434, 0],
		[70, "U1_18", 1360, -2360, "B", "DIP", "NET_13", "", "C", 62.992, 62.992, 35.434, 35.434, 0],
		[71, "U1_19", 1460, -2360, "T", "DIP", "R", "", "C", 62.992, 62.992, 35.434, 35.434, 0],
		[72, "U1_19", 1460, -2360, "B", "DIP", "R", "", "C", 62.992, 62.992, 35.434, 35.434, 0],
		[73, "U1_20", 1560, -2360, "T", "DIP", "G", "", "C", 62.992, 62.992, 35.434, 35.434, 0],
		[74, "U1_20", 1560, -2360, "B", "DIP", "G", "", "C", 62.992, 62.992, 35.434, 35.434, 0],
		[75, "U1_21", 1660, -2360, "T", "DIP", "B", "", "C", 62.992, 62.992, 35.434, 35.434, 0],
		[76, "U1_21", 1660, -2360, "B", "DIP", "B", "", "C", 62.992, 62.992, 35.434, 35.434, 0],
		[77, "U1_22", 1760, -2360, "T", "DIP", "L", "", "C", 62.992, 62.992, 35.434, 35.434, 0],
		[78, "U1_22", 1760, -2360, "B", "DIP", "L", "", "C", 62.992, 62.992, 35.434, 35.434, 0],
		[79, "U1_23", 1860, -2360, "T", "DIP", "NET_14", "", "C", 62.992, 62.992, 35.434, 35.434, 0],
		[80, "U1_23", 1860, -2360, "B", "DIP", "NET_14", "", "C", 62.992, 62.992, 35.434, 35.434, 0],
		[81, "U1_24", 1960, -2360, "T", "DIP", "NET_15", "", "C", 62.992, 62.992, 35.434, 35.434, 0],
		[82, "U1_24", 1960, -2360, "B", "DIP", "NET_15", "", "C", 62.992, 62.992, 35.434, 35.434, 0],
		[83, "U1_25", 2060, -2360, "T", "DIP", "NET_16", "", "C", 62.992, 62.992, 35.434, 35.434, 0],
		[84, "U1_25", 2060, -2360, "B", "DIP", "NET_16", "", "C", 62.992, 62.992, 35.434, 35.434, 0],
		[85, "U1_26", 2160, -2360, "T", "DIP", "NET_17", "", "C", 62.992, 62.992, 35.434, 35.434, 0],
		[86, "U1_26", 2160, -2360, "B", "DIP", "NET_17", "", "C", 62.992, 62.992, 35.434, 35.434, 0],
		[87, "U1_27", 2260, -2360, "T", "DIP", "+5V", "", "C", 62.992, 62.992, 35.434, 35.434, 0],
		[88, "U1_27", 2260, -2360, "B", "DIP", "+5V", "", "C", 62.992, 62.992, 35.434, 35.434, 0],
		[89, "U1_28", 2360, -2360, "T", "DIP", "NET_18", "", "C", 62.992, 62.992, 35.434, 35.434, 0],
		[90, "U1_28", 2360, -2360, "B", "DIP", "NET_18", "", "C", 62.992, 62.992, 35.434, 35.434, 0],
		[91, "U1_29", 2460, -2360, "T", "DIP", "GND", "GND", "C", 62.992, 62.992, 35.434, 35.434, 0],
		[92, "U1_29", 2460, -2360, "B", "DIP", "GND", "GND", "C", 62.992, 62.992, 35.434, 35.434, 0],
		[93, "U1_30", 2560, -2360, "T", "DIP", "NET_19", "", "R", 62.992, 62.992, 35.434, 35.434, 0],
		[94, "U1_30", 2560, -2360, "B", "DIP", "NET_19", "", "R", 62.992, 62.992, 35.434, 35.434, 0],
		[95, "U2_1", 3150, -3278.425, "T", "DIP", "+5V", "", "C", 70.866, 70.866, 47.244, 47.244, 90],
		[96, "U2_1", 3150, -3278.425, "B", "DIP", "+5V", "", "C", 70.866, 70.866, 47.244, 47.244, 90],
		[97, "U2_2", 3150, -3180, "T", "DIP", "R", "", "C", 70.866, 70.866, 47.244, 47.244, 90],
		[98, "U2_2", 3150, -3180, "B", "DIP", "R", "", "C", 70.866, 70.866, 47.244, 47.244, 90],
		[99, "U2_3", 3150, -3081.575, "T", "DIP", "GND", "GND", "C", 70.866, 70.866, 47.244, 47.244, 90],
		[100, "U2_3", 3150, -3081.575, "B", "DIP", "GND", "GND", "C", 70.866, 70.866, 47.244, 47.244, 90],
		[101, "U3_1", 3150, -2513.425, "T", "DIP", "+5V", "", "C", 70.866, 70.866, 47.244, 47.244, 90],
		[102, "U3_1", 3150, -2513.425, "B", "DIP", "+5V", "", "C", 70.866, 70.866, 47.244, 47.244, 90],
		[103, "U3_2", 3150, -2415, "T", "DIP", "G", "", "C", 70.866, 70.866, 47.244, 47.244, 90],
		[104, "U3_2", 3150, -2415, "B", "DIP", "G", "", "C", 70.866, 70.866, 47.244, 47.244, 90],
		[105, "U3_3", 3150, -2316.575, "T", "DIP", "GND", "GND", "C", 70.866, 70.866, 47.244, 47.244, 90],
		[106, "U3_3", 3150, -2316.575, "B", "DIP", "GND", "GND", "C", 70.866, 70.866, 47.244, 47.244, 90],
		[107, "U4_1", 3150, -1758.425, "T", "DIP", "+5V", "", "C", 70.866, 70.866, 47.244, 47.244, 90],
		[108, "U4_1", 3150, -1758.425, "B", "DIP", "+5V", "", "C", 70.866, 70.866, 47.244, 47.244, 90],
		[109, "U4_2", 3150, -1660, "T", "DIP", "B", "", "C", 70.866, 70.866, 47.244, 47.244, 90],
		[110, "U4_2", 3150, -1660, "B", "DIP", "B", "", "C", 70.866, 70.866, 47.244, 47.244, 90],
		[111, "U4_3", 3150, -1561.575, "T", "DIP", "GND", "GND", "C", 70.866, 70.866, 47.244, 47.244, 90],
		[112, "U4_3", 3150, -1561.575, "B", "DIP", "GND", "GND", "C", 70.866, 70.866, 47.244, 47.244, 90],
		[113, "U5_1", 3150, -813.425, "T", "DIP", "+5V", "", "C", 70.866, 70.866, 47.244, 47.244, 90],
		[114, "U5_1", 3150, -813.425, "B", "DIP", "+5V", "", "C", 70.866, 70.866, 47.244, 47.244, 90],
		[115, "U5_2", 3150, -715, "T", "DIP", "L", "", "C", 70.866, 70.866, 47.244, 47.244, 90],
		[116, "U5_2", 3150, -715, "B", "DIP", "L", "", "C", 70.866, 70.866, 47.244, 47.244, 90],
		[117, "U5_3", 3150, -616.575, "T", "DIP", "GND", "GND", "C", 70.866, 70.866, 47.244, 47.244, 90],
		[118, "U5_3", 3150, -616.575, "B", "DIP", "GND", "GND", "C", 70.866, 70.866, 47.244, 47.244, 90],
		[119, "U7_1", 515, -3535, "T", "DIP", "GND", "GND", "C", 66.929, 66.929, 40.158, 40.158, 0],
		[120, "U7_1", 515, -3535, "B", "DIP", "GND", "GND", "C", 66.929, 66.929, 40.158, 40.158, 0],
		[121, "U7_2", 615, -3535, "T", "DIP", "+5V", "", "C", 66.929, 66.929, 40.158, 40.158, 0],
		[122, "U7_2", 615, -3535, "B", "DIP", "+5V", "", "C", 66.929, 66.929, 40.158, 40.158, 0],
		[123, "U7_3", 715, -3535, "T", "DIP", "VO", "", "C", 66.929, 66.929, 40.158, 40.158, 0],
		[124, "U7_3", 715, -3535, "B", "DIP", "VO", "", "C", 66.929, 66.929, 40.158, 40.158, 0],
		[125, "U7_4", 815, -3535, "T", "DIP", "RS", "", "C", 66.929, 66.929, 40.158, 40.158, 0],
		[126, "U7_4", 815, -3535, "B", "DIP", "RS", "", "C", 66.929, 66.929, 40.158, 40.158, 0],
		[127, "U7_5", 915, -3535, "T", "DIP", "GND", "GND", "C", 66.929, 66.929, 40.158, 40.158, 0],
		[128, "U7_5", 915, -3535, "B", "DIP", "GND", "GND", "C", 66.929, 66.929, 40.158, 40.158, 0],
		[129, "U7_6", 1015, -3535, "T", "DIP", "EN", "", "C", 66.929, 66.929, 40.158, 40.158, 0],
		[130, "U7_6", 1015, -3535, "B", "DIP", "EN", "", "C", 66.929, 66.929, 40.158, 40.158, 0],
		[131, "U7_7", 1115, -3535, "T", "DIP", "$1N2231", "", "C", 66.929, 66.929, 40.158, 40.158, 0],
		[132, "U7_7", 1115, -3535, "B", "DIP", "$1N2231", "", "C", 66.929, 66.929, 40.158, 40.158, 0],
		[133, "U7_8", 1215, -3535, "T", "DIP", "$1N2233", "", "C", 66.929, 66.929, 40.158, 40.158, 0],
		[134, "U7_8", 1215, -3535, "B", "DIP", "$1N2233", "", "C", 66.929, 66.929, 40.158, 40.158, 0],
		[135, "U8_1", 1315, -3535, "T", "DIP", "$1N2241", "", "C", 66.929, 66.929, 40.158, 40.158, 0],
		[136, "U8_1", 1315, -3535, "B", "DIP", "$1N2241", "", "C", 66.929, 66.929, 40.158, 40.158, 0],
		[137, "U8_2", 1415, -3535, "T", "DIP", "$1N2243", "", "C", 66.929, 66.929, 40.158, 40.158, 0],
		[138, "U8_2", 1415, -3535, "B", "DIP", "$1N2243", "", "C", 66.929, 66.929, 40.158, 40.158, 0],
		[139, "U8_3", 1515, -3535, "T", "DIP", "D4", "", "C", 66.929, 66.929, 40.158, 40.158, 0],
		[140, "U8_3", 1515, -3535, "B", "DIP", "D4", "", "C", 66.929, 66.929, 40.158, 40.158, 0],
		[141, "U8_4", 1615, -3535, "T", "DIP", "D5", "", "C", 66.929, 66.929, 40.158, 40.158, 0],
		[142, "U8_4", 1615, -3535, "B", "DIP", "D5", "", "C", 66.929, 66.929, 40.158, 40.158, 0],
		[143, "U8_5", 1715, -3535, "T", "DIP", "D6", "", "C", 66.929, 66.929, 40.158, 40.158, 0],
		[144, "U8_5", 1715, -3535, "B", "DIP", "D6", "", "C", 66.929, 66.929, 40.158, 40.158, 0],
		[145, "U8_6", 1815, -3535, "T", "DIP", "D7", "", "C", 66.929, 66.929, 40.158, 40.158, 0],
		[146, "U8_6", 1815, -3535, "B", "DIP", "D7", "", "C", 66.929, 66.929, 40.158, 40.158, 0],
		[147, "U8_7", 1915, -3535, "T", "DIP", "A", "", "C", 66.929, 66.929, 40.158, 40.158, 0],
		[148, "U8_7", 1915, -3535, "B", "DIP", "A", "", "C", 66.929, 66.929, 40.158, 40.158, 0],
		[149, "U8_8", 2015, -3535, "T", "DIP", "GND", "GND", "C", 66.929, 66.929, 40.158, 40.158, 0],
		[150, "U8_8", 2015, -3535, "B", "DIP", "GND", "GND", "C", 66.929, 66.929, 40.158, 40.158, 0],
		[151, "PAD1_1", 722.515, -552.04, "T", "DIP", "+5V", "", "O", 78.74, 181.102, 47.244, 145.67, 270],
		[152, "PAD1_1", 722.515, -552.04, "B", "DIP", "+5V", "", "O", 78.74, 181.102, 47.244, 145.67, 270],
		[153, "PAD2_2", 722.525, -307.96, "T", "DIP", "GND", "GND", "O", 78.74, 181.102, 47.244, 145.67, 90],
		[154, "PAD2_2", 722.525, -307.96, "B", "DIP", "GND", "GND", "O", 78.74, 181.102, 47.244, 145.67, 90],
		[155, "PAD3_1", 2335.336, -378.745, "T", "DIP", "LED", "", "R", 66.929, 66.929, 43.308, 43.308, 0],
		[156, "PAD3_1", 2335.336, -378.745, "B", "DIP", "LED", "", "R", 66.929, 66.929, 43.308, 43.308, 0],
		[157, "PAD4_2", 2435.336, -378.745, "T", "DIP", "+5V", "", "C", 66.929, 66.929, 43.308, 43.308, 0],
		[158, "PAD4_2", 2435.336, -378.745, "B", "DIP", "+5V", "", "C", 66.929, 66.929, 43.308, 43.308, 0],
		[159, "PAD5_3", 2535.336, -378.745, "T", "DIP", "GND", "GND", "C", 66.929, 66.929, 43.308, 43.308, 0],
		[160, "PAD5_3", 2535.336, -378.745, "B", "DIP", "GND", "GND", "C", 66.929, 66.929, 43.308, 43.308, 0],
		[161, "PAD6_1", 2508.425, -3748.425, "T", "DIP", "GND", "GND", "R", 86.614, 82.677, 39.37, 39.37, 90],
		[162, "PAD6_1", 2508.425, -3748.425, "B", "DIP", "GND", "GND", "R", 86.614, 82.677, 39.37, 39.37, 90],
		[163, "PAD7_2", 2311.575, -3650, "T", "DIP", "VO", "", "C", 86.614, 86.614, 39.37, 39.37, 90],
		[164, "PAD7_2", 2311.575, -3650, "B", "DIP", "VO", "", "C", 86.614, 86.614, 39.37, 39.37, 90],
		[165, "PAD8_1", 220, -2696.1, "T", "DIP", "NET_3", "", "C", 86.614, 86.614, 59.056, 59.056, 90],
		[166, "PAD8_1", 220, -2696.1, "B", "DIP", "NET_3", "", "C", 86.614, 86.614, 59.056, 59.056, 90],
		[167, "PAD9_4", 420, -2203.9, "T", "DIP", "$1N1724", "", "C", 86.614, 86.614, 59.056, 59.056, 90],
		[168, "PAD9_4", 420, -2203.9, "B", "DIP", "$1N1724", "", "C", 86.614, 86.614, 59.056, 59.056, 90],
		[169, "PAD10_2", 215, -1418.9, "T", "DIP", "START_PIN", "", "C", 86.614, 86.614, 59.056, 59.056, 90],
		[170, "PAD10_2", 215, -1418.9, "B", "DIP", "START_PIN", "", "C", 86.614, 86.614, 59.056, 59.056, 90],
		[171, "PAD11_3", 415, -1911.1, "T", "DIP", "$1N1724", "", "C", 86.614, 86.614, 59.056, 59.056, 90],
		[172, "PAD11_3", 415, -1911.1, "B", "DIP", "$1N1724", "", "C", 86.614, 86.614, 59.056, 59.056, 90],
		[173, "PAD12_4", 415, -1418.9, "T", "DIP", "GND", "GND", "C", 86.614, 86.614, 59.056, 59.056, 90],
		[174, "PAD12_4", 415, -1418.9, "B", "DIP", "GND", "GND", "C", 86.614, 86.614, 59.056, 59.056, 90],
		[175, "PAD13_29", 2460, -2360, "T", "DIP", "GND", "GND", "C", 62.992, 62.992, 35.434, 35.434, 0],
		[176, "PAD13_29", 2460, -2360, "B", "DIP", "GND", "GND", "C", 62.992, 62.992, 35.434, 35.434, 0],
		[177, "PAD14_27", 2260, -2360, "T", "DIP", "+5V", "", "C", 62.992, 62.992, 35.434, 35.434, 0],
		[178, "PAD14_27", 2260, -2360, "B", "DIP", "+5V", "", "C", 62.992, 62.992, 35.434, 35.434, 0],
		[179, "PAD15_21", 1660, -2360, "T", "DIP", "B", "", "C", 62.992, 62.992, 35.434, 35.434, 0],
		[180, "PAD15_21", 1660, -2360, "B", "DIP", "B", "", "C", 62.992, 62.992, 35.434, 35.434, 0],
		[181, "PAD16_19", 1460, -2360, "T", "DIP", "R", "", "C", 62.992, 62.992, 35.434, 35.434, 0],
		[182, "PAD16_19", 1460, -2360, "B", "DIP", "R", "", "C", 62.992, 62.992, 35.434, 35.434, 0],
		[183, "PAD17_15", 1160, -1760, "T", "DIP", "RS", "", "C", 62.992, 62.992, 35.434, 35.434, 0],
		[184, "PAD17_15", 1160, -1760, "B", "DIP", "RS", "", "C", 62.992, 62.992, 35.434, 35.434, 0],
		[185, "PAD18_11", 1560, -1760, "T", "DIP", "START_PIN", "", "C", 62.992, 62.992, 35.434, 35.434, 0],
		[186, "PAD18_11", 1560, -1760, "B", "DIP", "START_PIN", "", "C", 62.992, 62.992, 35.434, 35.434, 0],
		[187, "PAD19_9", 1760, -1760, "T", "DIP", "LED", "", "C", 62.992, 62.992, 35.434, 35.434, 0],
		[188, "PAD19_9", 1760, -1760, "B", "DIP", "LED", "", "C", 62.992, 62.992, 35.434, 35.434, 0],
		[189, "PAD20_7", 1960, -1760, "T", "DIP", "D5", "", "C", 62.992, 62.992, 35.434, 35.434, 0],
		[190, "PAD20_7", 1960, -1760, "B", "DIP", "D5", "", "C", 62.992, 62.992, 35.434, 35.434, 0],
		[191, "PAD21_5", 2160, -1760, "T", "DIP", "D7", "", "C", 62.992, 62.992, 35.434, 35.434, 0],
		[192, "PAD21_5", 2160, -1760, "B", "DIP", "D7", "", "C", 62.992, 62.992, 35.434, 35.434, 0],
		[193, "PAD22_4", 2260, -1760, "T", "DIP", "GND", "GND", "C", 62.992, 62.992, 35.434, 35.434, 0],
		[194, "PAD22_4", 2260, -1760, "B", "DIP", "GND", "GND", "C", 62.992, 62.992, 35.434, 35.434, 0],
		[195, "PAD23_6", 2060, -1760, "T", "DIP", "D6", "", "C", 62.992, 62.992, 35.434, 35.434, 0],
		[196, "PAD23_6", 2060, -1760, "B", "DIP", "D6", "", "C", 62.992, 62.992, 35.434, 35.434, 0],
		[197, "PAD24_8", 1860, -1760, "T", "DIP", "D4", "", "C", 62.992, 62.992, 35.434, 35.434, 0],
		[198, "PAD24_8", 1860, -1760, "B", "DIP", "D4", "", "C", 62.992, 62.992, 35.434, 35.434, 0],
		[199, "PAD25_10", 1660, -1760, "T", "DIP", "NET_3", "", "C", 62.992, 62.992, 35.434, 35.434, 0],
		[200, "PAD25_10", 1660, -1760, "B", "DIP", "NET_3", "", "C", 62.992, 62.992, 35.434, 35.434, 0],
		[201, "PAD26_12", 1460, -1760, "T", "DIP", "A", "", "C", 62.992, 62.992, 35.434, 35.434, 0],
		[202, "PAD26_12", 1460, -1760, "B", "DIP", "A", "", "C", 62.992, 62.992, 35.434, 35.434, 0],
		[203, "PAD27_14", 1260, -1760, "T", "DIP", "EN", "", "C", 62.992, 62.992, 35.434, 35.434, 0],
		[204, "PAD27_14", 1260, -1760, "B", "DIP", "EN", "", "C", 62.992, 62.992, 35.434, 35.434, 0],
		[205, "PAD28_20", 1560, -2360, "T", "DIP", "G", "", "C", 62.992, 62.992, 35.434, 35.434, 0],
		[206, "PAD28_20", 1560, -2360, "B", "DIP", "G", "", "C", 62.992, 62.992, 35.434, 35.434, 0],
		[207, "PAD29_22", 1760, -2360, "T", "DIP", "L", "", "C", 62.992, 62.992, 35.434, 35.434, 0],
		[208, "PAD29_22", 1760, -2360, "B", "DIP", "L", "", "C", 62.992, 62.992, 35.434, 35.434, 0],
		[209, "PAD30_3", 3150, -3081.575, "T", "DIP", "GND", "GND", "C", 70.866, 70.866, 47.244, 47.244, 90],
		[210, "PAD30_3", 3150, -3081.575, "B", "DIP", "GND", "GND", "C", 70.866, 70.866, 47.244, 47.244, 90],
		[211, "PAD31_2", 3150, -3180, "T", "DIP", "R", "", "C", 70.866, 70.866, 47.244, 47.244, 90],
		[212, "PAD31_2", 3150, -3180, "B", "DIP", "R", "", "C", 70.866, 70.866, 47.244, 47.244, 90],
		[213, "PAD32_1", 3150, -3278.425, "T", "DIP", "+5V", "", "C", 70.866, 70.866, 47.244, 47.244, 90],
		[214, "PAD32_1", 3150, -3278.425, "B", "DIP", "+5V", "", "C", 70.866, 70.866, 47.244, 47.244, 90],
		[215, "PAD33_3", 3150, -2316.575, "T", "DIP", "GND", "GND", "C", 70.866, 70.866, 47.244, 47.244, 90],
		[216, "PAD33_3", 3150, -2316.575, "B", "DIP", "GND", "GND", "C", 70.866, 70.866, 47.244, 47.244, 90],
		[217, "PAD34_2", 3150, -2415, "T", "DIP", "G", "", "C", 70.866, 70.866, 47.244, 47.244, 90],
		[218, "PAD34_2", 3150, -2415, "B", "DIP", "G", "", "C", 70.866, 70.866, 47.244, 47.244, 90],
		[219, "PAD35_1", 3150, -2513.425, "T", "DIP", "+5V", "", "C", 70.866, 70.866, 47.244, 47.244, 90],
		[220, "PAD35_1", 3150, -2513.425, "B", "DIP", "+5V", "", "C", 70.866, 70.866, 47.244, 47.244, 90],
		[221, "PAD36_3", 3150, -1561.575, "T", "DIP", "GND", "GND", "C", 70.866, 70.866, 47.244, 47.244, 90],
		[222, "PAD36_3", 3150, -1561.575, "B", "DIP", "GND", "GND", "C", 70.866, 70.866, 47.244, 47.244, 90],
		[223, "PAD37_2", 3150, -1660, "T", "DIP", "B", "", "C", 70.866, 70.866, 47.244, 47.244, 90],
		[224, "PAD37_2", 3150, -1660, "B", "DIP", "B", "", "C", 70.866, 70.866, 47.244, 47.244, 90],
		[225, "PAD38_1", 3150, -1758.425, "T", "DIP", "+5V", "", "C", 70.866, 70.866, 47.244, 47.244, 90],
		[226, "PAD38_1", 3150, -1758.425, "B", "DIP", "+5V", "", "C", 70.866, 70.866, 47.244, 47.244, 90],
		[227, "PAD39_3", 3150, -616.575, "T", "DIP", "GND", "GND", "C", 70.866, 70.866, 47.244, 47.244, 90],
		[228, "PAD39_3", 3150, -616.575, "B", "DIP", "GND", "GND", "C", 70.866, 70.866, 47.244, 47.244, 90],
		[229, "PAD40_2", 3150, -715, "T", "DIP", "L", "", "C", 70.866, 70.866, 47.244, 47.244, 90],
		[230, "PAD40_2", 3150, -715, "B", "DIP", "L", "", "C", 70.866, 70.866, 47.244, 47.244, 90],
		[231, "PAD41_1", 3150, -813.425, "T", "DIP", "+5V", "", "C", 70.866, 70.866, 47.244, 47.244, 90],
		[232, "PAD41_1", 3150, -813.425, "B", "DIP", "+5V", "", "C", 70.866, 70.866, 47.244, 47.244, 90],
		[233, "PAD42_8", 1215, -3535, "T", "DIP", "$1N2233", "", "C", 66.929, 66.929, 40.158, 40.158, 0],
		[234, "PAD42_8", 1215, -3535, "B", "DIP", "$1N2233", "", "C", 66.929, 66.929, 40.158, 40.158, 0],
		[235, "PAD43_7", 1115, -3535, "T", "DIP", "$1N2231", "", "C", 66.929, 66.929, 40.158, 40.158, 0],
		[236, "PAD43_7", 1115, -3535, "B", "DIP", "$1N2231", "", "C", 66.929, 66.929, 40.158, 40.158, 0],
		[237, "PAD44_6", 1015, -3535, "T", "DIP", "EN", "", "C", 66.929, 66.929, 40.158, 40.158, 0],
		[238, "PAD44_6", 1015, -3535, "B", "DIP", "EN", "", "C", 66.929, 66.929, 40.158, 40.158, 0],
		[239, "PAD45_5", 915, -3535, "T", "DIP", "GND", "GND", "C", 66.929, 66.929, 40.158, 40.158, 0],
		[240, "PAD45_5", 915, -3535, "B", "DIP", "GND", "GND", "C", 66.929, 66.929, 40.158, 40.158, 0],
		[241, "PAD46_4", 815, -3535, "T", "DIP", "RS", "", "C", 66.929, 66.929, 40.158, 40.158, 0],
		[242, "PAD46_4", 815, -3535, "B", "DIP", "RS", "", "C", 66.929, 66.929, 40.158, 40.158, 0],
		[243, "PAD47_3", 715, -3535, "T", "DIP", "VO", "", "C", 66.929, 66.929, 40.158, 40.158, 0],
		[244, "PAD47_3", 715, -3535, "B", "DIP", "VO", "", "C", 66.929, 66.929, 40.158, 40.158, 0],
		[245, "PAD48_2", 615, -3535, "T", "DIP", "+5V", "", "C", 66.929, 66.929, 40.158, 40.158, 0],
		[246, "PAD48_2", 615, -3535, "B", "DIP", "+5V", "", "C", 66.929, 66.929, 40.158, 40.158, 0],
		[247, "PAD49_1", 515, -3535, "T", "DIP", "GND", "GND", "C", 66.929, 66.929, 40.158, 40.158, 0],
		[248, "PAD49_1", 515, -3535, "B", "DIP", "GND", "GND", "C", 66.929, 66.929, 40.158, 40.158, 0],
		[249, "PAD50_8", 2015, -3535, "T", "DIP", "GND", "GND", "C", 66.929, 66.929, 40.158, 40.158, 0],
		[250, "PAD50_8", 2015, -3535, "B", "DIP", "GND", "GND", "C", 66.929, 66.929, 40.158, 40.158, 0],
		[251, "PAD51_7", 1915, -3535, "T", "DIP", "A", "", "C", 66.929, 66.929, 40.158, 40.158, 0],
		[252, "PAD51_7", 1915, -3535, "B", "DIP", "A", "", "C", 66.929, 66.929, 40.158, 40.158, 0],
		[253, "PAD52_6", 1815, -3535, "T", "DIP", "D7", "", "C", 66.929, 66.929, 40.158, 40.158, 0],
		[254, "PAD52_6", 1815, -3535, "B", "DIP", "D7", "", "C", 66.929, 66.929, 40.158, 40.158, 0],
		[255, "PAD53_5", 1715, -3535, "T", "DIP", "D6", "", "C", 66.929, 66.929, 40.158, 40.158, 0],
		[256, "PAD53_5", 1715, -3535, "B", "DIP", "D6", "", "C", 66.929, 66.929, 40.158, 40.158, 0],
		[257, "PAD54_4", 1615, -3535, "T", "DIP", "D5", "", "C", 66.929, 66.929, 40.158, 40.158, 0],
		[258, "PAD54_4", 1615, -3535, "B", "DIP", "D5", "", "C", 66.929, 66.929, 40.158, 40.158, 0],
		[259, "PAD55_3", 1515, -3535, "T", "DIP", "D4", "", "C", 66.929, 66.929, 40.158, 40.158, 0],
		[260, "PAD55_3", 1515, -3535, "B", "DIP", "D4", "", "C", 66.929, 66.929, 40.158, 40.158, 0],
		[261, "PAD56_2", 1415, -3535, "T", "DIP", "$1N2243", "", "C", 66.929, 66.929, 40.158, 40.158, 0],
		[262, "PAD56_2", 1415, -3535, "B", "DIP", "$1N2243", "", "C", 66.929, 66.929, 40.158, 40.158, 0],
		[263, "PAD57_1", 1315, -3535, "T", "DIP", "$1N2241", "", "C", 66.929, 66.929, 40.158, 40.158, 0],
		[264, "PAD57_1", 1315, -3535, "B", "DIP", "$1N2241", "", "C", 66.929, 66.929, 40.158, 40.158, 0]
	]
}
}